1,10.0.2.10,50777
2,10.0.2.10,57646
3,10.0.2.10,35825
4,10.0.2.10,44441
5,10.0.2.10,46701
6,10.0.2.10,53379
7,10.0.2.10,57303
8,10.0.2.10,40634
9,10.0.2.10,46534
10,10.0.2.10,42218
11,10.0.2.10,37022
12,10.0.2.10,47253
13,10.0.2.10,58767
14,10.0.2.10,59926
15,10.0.2.10,39297
16,10.0.2.10,42204
17,10.0.2.10,55163
18,10.0.2.10,49572
19,10.0.2.10,47127
20,10.0.2.10,48767
21,10.0.2.10,48197
22,10.0.2.10,43048
23,10.0.2.10,45357
24,10.0.2.10,45330
25,10.0.2.10,58151
26,10.0.2.10,38754
27,10.0.2.10,33816
28,10.0.2.10,54096
29,10.0.2.10,57837
30,10.0.2.10,52174
31,10.0.2.10,39163
32,10.0.2.10,39703
33,10.0.2.10,60092
34,10.0.2.10,47326
35,10.0.2.10,58294
36,10.0.2.10,38701
37,10.0.2.10,59742
38,10.0.2.10,53986
39,10.0.2.10,38165
40,10.0.2.10,60774
41,10.0.2.10,49754
42,10.0.2.10,55004
43,10.0.2.10,40177
44,10.0.2.10,39079
45,10.0.2.10,48359
46,10.0.2.10,60242
47,10.0.2.10,49161
48,10.0.2.10,38134
49,10.0.2.10,52455
50,10.0.2.10,57080
51,10.0.2.10,48554
